{
 "memory_size": 1000,
 "batch_size": 32,
 "target_update": 100,
 "epsilon_decay": 5e-05,
 "max_epsilon": 1,
 "min_epsilon": 0.0,
 "gamma": 0.99,
 "inside_dim": 256,
 "num_hidden_layers": 2,
 "num_episodes": 4,
 "num_iterations": 21744,
 "pmvs": {
  "[-inf,-2]": 0.12382726269315673,
  "[-2.0,-1.5]": 0.185970842531273,
  "[-1.5,-1.0]": 0.19958379323031641,
  "[-1.0,-0.5]": 0.2901260117733628,
  "[-0.5,0.0]": 0.12439063649742457,
  "[0.0,0.5]": 0.052934142752023544,
  "[0.5,1.0]": 0.02167264532744665,
  "[1.0,inf]": 0.0014946651949963208
 },
 "observation_dim": 6,
 "action_dim": 100,
 "min_temp": 16,
 "max_temp": 21,
 "alpha": 1,
 "beta": 1,
 "modelname": "CELLS_v1.fmu",
 "days": 151,
 "hours": 24,
 "minutes": 60,
 "seconds": 60,
 "ep_timestep": 6,
 "final_reward": 96374.82112831886
}