{
 "memory_size": 1000,
 "batch_size": 32,
 "target_update": 100,
 "epsilon_decay": 5e-05,
 "max_epsilon": 1,
 "min_epsilon": 0.0,
 "gamma": 0.99,
 "inside_dim": 128,
 "num_hidden_layers": 8,
 "seed": 778,
 "num_episodes": 3,
 "num_iterations": 21744,
 "pmvs": {
  "[-inf,-2]": 0.12734547461368653,
  "[-2.0,-1.5]": 0.18812852587687023,
  "[-1.5,-1.0]": 0.1992580328673044,
  "[-1.0,-0.5]": 0.2715691685062546,
  "[-0.5,0.0]": 0.13669671326956095,
  "[0.0,0.5]": 0.05357799852832965,
  "[0.5,1.0]": 0.02190642629384351,
  "[1.0,inf]": 0.0015176600441501103
 },
 "observation_dim": 6,
 "action_dim": 100,
 "min_temp": 16,
 "max_temp": 21,
 "alpha": 1,
 "beta": 1,
 "modelname": "CELLS_v1.fmu",
 "days": 151,
 "hours": 24,
 "minutes": 60,
 "seconds": 60,
 "ep_timestep": 6,
 "final_reward": 72012.15949600178,
 "final_cumulative_heating": 3583329431.5901065
}