{
 "is_test": false,
 "memory_size": 1000,
 "batch_size": 128,
 "discount": 0.99,
 "tau": 0.05,
 "policy_noise": 0.2,
 "noise_clip": 0.5,
 "lr": 0.001,
 "num_training_iterations": 1000,
 "num_random_episodes": 1,
 "seed": 778,
 "param_list": [
  "Tair",
  "RH",
  "Tmrt",
  "Tout",
  "Qheat",
  "Occ"
 ],
 "observation_dim": 6,
 "action_dim": 1,
 "min_temp": 16,
 "max_temp": 21,
 "alpha": 100,
 "beta": 1,
 "modelname": "CELLS_v1.fmu",
 "days": 151,
 "hours": 24,
 "minutes": 60,
 "seconds": 60,
 "ep_timestep": 6,
 "num_episodes": 2,
 "num_iterations": 21744,
 "final_reward": 729008.6647865763,
 "final_cumulative_heating": 2279836095.170708,
 "pmvs": {
  "[-inf,-2]": 0.14100441501103753,
  "[-2.0,-1.5]": 0.19458241353936717,
  "[-1.5,-1.0]": 0.21826710816777042,
  "[-1.0,-0.5]": 0.23578918322295805,
  "[-0.5,0.0]": 0.13371504782928623,
  "[0.0,0.5]": 0.053302060338484177,
  "[0.5,1.0]": 0.021822111846946286,
  "[1.0,inf]": 0.0015176600441501103
 }
}