{
 "memory_size": 1000,
 "batch_size": 32,
 "target_update": 100,
 "epsilon_decay": 5e-05,
 "max_epsilon": 1,
 "min_epsilon": 0.0,
 "gamma": 0.99,
 "inside_dim": 64,
 "num_hidden_layers": 2,
 "seed": 778,
 "num_episodes": 3,
 "num_iterations": 21744,
 "pmvs": {
  "[-inf,-2]": 0.12608842285994604,
  "[-2.0,-1.5]": 0.18935491783173902,
  "[-1.5,-1.0]": 0.19996320824135394,
  "[-1.0,-0.5]": 0.2876502330144714,
  "[-0.5,0.0]": 0.12159676232523915,
  "[0.0,0.5]": 0.05225962717684572,
  "[0.5,1.0]": 0.021599828305126318,
  "[1.0,inf]": 0.001487000245278391
 },
 "observation_dim": 6,
 "action_dim": 1,
 "min_temp": 16,
 "max_temp": 21,
 "alpha": 1,
 "beta": 1,
 "modelname": "CELLS_v1.fmu",
 "days": 151,
 "hours": 24,
 "minutes": 60,
 "seconds": 60,
 "ep_timestep": 6,
 "final_reward": 72109.14283503345,
 "final_cumulative_heating": 3558323064.03535,
 "is_test": false,
 "discrete_action_dim": 100
}