{
 "is_test": false,
 "batch_size": 128,
 "discount": 0.99,
 "tau": 0.05,
 "policy_noise": 0.2,
 "noise_clip": 0.5,
 "num_training_iterations": 100,
 "num_random_episodes": 1,
 "seed": 778,
 "param_list": [
  "Tair",
  "RH",
  "Tmrt",
  "Tout",
  "Qheat",
  "Occ"
 ],
 "observation_dim": 6,
 "action_dim": 1,
 "min_temp": 16,
 "max_temp": 21,
 "alpha": 1,
 "beta": 1,
 "modelname": "CELLS_v1.fmu",
 "days": 151,
 "hours": 24,
 "minutes": 60,
 "seconds": 60,
 "ep_timestep": 6,
 "num_episodes": 3,
 "num_iterations": 21744,
 "final_reward": 21519.43773663513,
 "final_cumulative_heating": 458383295.2836106,
 "pmvs": {
  "[-inf,-2]": 0.3035779985283297,
  "[-2.0,-1.5]": 0.3291942604856512,
  "[-1.5,-1.0]": 0.08416114790286976,
  "[-1.0,-0.5]": 0.10462656364974246,
  "[-0.5,0.0]": 0.1080757910228109,
  "[0.0,0.5]": 0.0481972038263429,
  "[0.5,1.0]": 0.020741353936718176,
  "[1.0,inf]": 0.0014256806475349522
 }
}