{
 "memory_size": 1000,
 "batch_size": 32,
 "target_update": 100,
 "epsilon_decay": 5e-05,
 "max_epsilon": 1,
 "min_epsilon": 0.0,
 "gamma": 0.99,
 "inside_dim": 128,
 "num_hidden_layers": 6,
 "seed": 778,
 "num_episodes": 3,
 "num_iterations": 21744,
 "pmvs": {
  "[-inf,-2]": 0.13024282560706402,
  "[-2.0,-1.5]": 0.189247608535688,
  "[-1.5,-1.0]": 0.20043843512386558,
  "[-1.0,-0.5]": 0.27179911699779247,
  "[-0.5,0.0]": 0.13166850625459897,
  "[0.0,0.5]": 0.0532560706401766,
  "[0.5,1.0]": 0.021829776796664212,
  "[1.0,inf]": 0.0015176600441501103
 },
 "observation_dim": 6,
 "action_dim": 200,
 "min_temp": 16,
 "max_temp": 21,
 "alpha": 1,
 "beta": 1,
 "modelname": "CELLS_v1.fmu",
 "days": 151,
 "hours": 24,
 "minutes": 60,
 "seconds": 60,
 "ep_timestep": 6,
 "final_reward": 71914.06701020699,
 "final_cumulative_heating": 3519146528.668877
}