{
 "memory_size": 1000,
 "batch_size": 32,
 "target_update": 100,
 "epsilon_decay": 5e-05,
 "max_epsilon": 1,
 "min_epsilon": 0.0,
 "gamma": 0.99,
 "inside_dim": 128,
 "num_hidden_layers": 6,
 "seed": 778,
 "num_episodes": 3,
 "num_iterations": 21744,
 "pmvs": {
  "[-inf,-2]": 0.12437147412312975,
  "[-2.0,-1.5]": 0.18725472160902623,
  "[-1.5,-1.0]": 0.19843021829776797,
  "[-1.0,-0.5]": 0.2811503556536669,
  "[-0.5,0.0]": 0.13195977434388032,
  "[0.0,0.5]": 0.053486019131714496,
  "[0.5,1.0]": 0.021829776796664212,
  "[1.0,inf]": 0.0015176600441501103
 },
 "observation_dim": 6,
 "action_dim": 1,
 "min_temp": 16,
 "max_temp": 21,
 "alpha": 1,
 "beta": 10000,
 "modelname": "CELLS_v1.fmu",
 "days": 151,
 "hours": 24,
 "minutes": 60,
 "seconds": 60,
 "ep_timestep": 6,
 "final_reward": -283719896.84369695,
 "final_cumulative_heating": 3601891506.908618,
 "is_test": false,
 "discrete_action_dim": 100
}