{
 "memory_size": 1000,
 "batch_size": 32,
 "target_update": 100,
 "epsilon_decay": 5e-05,
 "max_epsilon": 1,
 "min_epsilon": 0.0,
 "gamma": 0.99,
 "inside_dim": 128,
 "num_hidden_layers": 1,
 "seed": 778,
 "num_episodes": 2,
 "num_iterations": 21744,
 "pmvs": {
  "[-inf,-2]": 0.13615250183958794,
  "[-2.0,-1.5]": 0.1912711552612215,
  "[-1.5,-1.0]": 0.2088622148638705,
  "[-1.0,-0.5]": 0.26338300220750555,
  "[-0.5,0.0]": 0.12470106696100074,
  "[0.0,0.5]": 0.052474245768947755,
  "[0.5,1.0]": 0.021661147902869757,
  "[1.0,inf]": 0.0014946651949963208
 },
 "observation_dim": 6,
 "action_dim": 100,
 "min_temp": 16,
 "max_temp": 21,
 "alpha": 1,
 "beta": 1,
 "modelname": "CELLS_v1.fmu",
 "days": 151,
 "hours": 24,
 "minutes": 60,
 "seconds": 60,
 "ep_timestep": 6,
 "final_reward": 47725.47918154631,
 "final_cumulative_heating": 2296411269.8288546,
 "is_test": false
}