{
 "memory_size": 1000,
 "batch_size": 32,
 "target_update": 100,
 "epsilon_decay": 5e-05,
 "max_epsilon": 1,
 "min_epsilon": 0.0,
 "gamma": 0.99,
 "inside_dim": 128,
 "num_hidden_layers": 6,
 "seed": 778,
 "num_episodes": 3,
 "num_iterations": 21744,
 "pmvs": {
  "[-inf,-2]": 0.16921142997301938,
  "[-2.0,-1.5]": 0.21054083885209712,
  "[-1.5,-1.0]": 0.23724552366936472,
  "[-1.0,-0.5]": 0.1932793720873191,
  "[-0.5,0.0]": 0.11606266862889379,
  "[0.0,0.5]": 0.051017905322541086,
  "[0.5,1.0]": 0.021170591120922247,
  "[1.0,inf]": 0.0014716703458425313
 },
 "observation_dim": 6,
 "action_dim": 20,
 "min_temp": 16,
 "max_temp": 21,
 "alpha": 1,
 "beta": 1,
 "modelname": "CELLS_v1.fmu",
 "days": 151,
 "hours": 24,
 "minutes": 60,
 "seconds": 60,
 "ep_timestep": 6,
 "final_reward": 69971.19843830931,
 "final_cumulative_heating": 2905076138.156679,
 "is_test": false
}