{
 "is_test": false,
 "memory_size": 1000,
 "batch_size": 64,
 "target_update": 100,
 "actor_update": 4,
 "epsilon_decay": 5e-05,
 "max_epsilon": 1,
 "min_epsilon": 0.0,
 "lr": 0.001,
 "gamma": 0.99,
 "inside_dim": 128,
 "num_hidden_layers": 14,
 "seed": 800,
 "param_list": [
  "Tair",
  "RH",
  "Tmrt",
  "Tout",
  "Qheat",
  "Occ"
 ],
 "observation_dim": 6,
 "action_dim": 1,
 "min_temp": 16,
 "max_temp": 21,
 "alpha": 1,
 "beta": 1,
 "modelname": "CELLS_v1.fmu",
 "days": 151,
 "hours": 24,
 "minutes": 60,
 "seconds": 60,
 "ep_timestep": 6,
 "discrete_action_dim": 100,
 "num_episodes": 10,
 "num_iterations": 21744,
 "final_reward": 242275.87176397615,
 "final_cumulative_heating": 11472257911.653708,
 "pmvs": {
  "[-inf,-2]": 0.10946008094186901,
  "[-2.0,-1.5]": 0.1803991905813098,
  "[-1.5,-1.0]": 0.18393119941133187,
  "[-1.0,-0.5]": 0.28969830757910225,
  "[-0.5,0.0]": 0.13544426048565122,
  "[0.0,0.5]": 0.06733351729212657,
  "[0.5,1.0]": 0.03103384841795438,
  "[1.0,inf]": 0.0026995952906548933
 }
}