{
 "memory_size": 1000,
 "batch_size": 32,
 "target_update": 100,
 "epsilon_decay": 0.0005,
 "max_epsilon": 1,
 "min_epsilon": 0.0,
 "gamma": 0.99,
 "num_episodes": 3,
 "pmvs": {
  "[-inf,-2]": 0.14920591120922247,
  "[-2.0,-1.5]": 0.184878587196468,
  "[-1.5,-1.0]": 0.2022626931567329,
  "[-1.0,-0.5]": 0.2657591366200638,
  "[-0.5,0.0]": 0.12219462840323768,
  "[0.0,0.5]": 0.052627544763306354,
  "[0.5,1.0]": 0.021584498405690457,
  "[1.0,inf]": 0.001487000245278391
 },
 "observation_dim": 6,
 "action_dim": 100,
 "min_temp": 16,
 "max_temp": 21,
 "alpha": 1,
 "beta": 10,
 "modelname": "CELLS_v1.fmu",
 "days": 151,
 "hours": 24,
 "minutes": 60,
 "seconds": 60,
 "ep_timestep": 6,
 "final_reward": 621046.4253706874
}