{
 "is_test": false,
 "memory_size": 1000,
 "batch_size": 64,
 "target_update": 100,
 "actor_update": 4,
 "epsilon_decay": 5e-05,
 "max_epsilon": 1,
 "min_epsilon": 0.0,
 "lr": 0.001,
 "gamma": 0.99,
 "inside_dim": 128,
 "num_hidden_layers": 10,
 "seed": 800,
 "param_list": [
  "Tair",
  "RH",
  "Tmrt",
  "Tout",
  "Qheat",
  "Occ"
 ],
 "observation_dim": 6,
 "action_dim": 1,
 "min_temp": 16,
 "max_temp": 21,
 "alpha": 1,
 "beta": 1,
 "modelname": "CELLS_v1.fmu",
 "days": 151,
 "hours": 24,
 "minutes": 60,
 "seconds": 60,
 "ep_timestep": 6,
 "discrete_action_dim": 100,
 "num_episodes": 5,
 "num_iterations": 21744,
 "final_reward": 120776.255076659,
 "final_cumulative_heating": 5666763516.897858,
 "pmvs": {
  "[-inf,-2]": 0.11312545989698308,
  "[-2.0,-1.5]": 0.18153973509933774,
  "[-1.5,-1.0]": 0.1896431199411332,
  "[-1.0,-0.5]": 0.27822847682119206,
  "[-0.5,0.0]": 0.13621228844738778,
  "[0.0,0.5]": 0.06743009565857248,
  "[0.5,1.0]": 0.031125827814569535,
  "[1.0,inf]": 0.0026949963208241353
 }
}