{
 "memory_size": 1000,
 "batch_size": 32,
 "target_update": 100,
 "epsilon_decay": 5e-05,
 "max_epsilon": 1,
 "min_epsilon": 0.0,
 "gamma": 0.99,
 "inside_dim": 256,
 "num_hidden_layers": 8,
 "seed": 778,
 "num_episodes": 3,
 "num_iterations": 21744,
 "pmvs": {
  "[-inf,-2]": 0.12985957812116752,
  "[-2.0,-1.5]": 0.18702477311748836,
  "[-1.5,-1.0]": 0.19939600196222712,
  "[-1.0,-0.5]": 0.27383799362276184,
  "[-0.5,0.0]": 0.13315550649987737,
  "[0.0,0.5]": 0.05337870983566348,
  "[0.5,1.0]": 0.021829776796664212,
  "[1.0,inf]": 0.0015176600441501103
 },
 "observation_dim": 6,
 "action_dim": 100,
 "min_temp": 16,
 "max_temp": 21,
 "alpha": 1,
 "beta": 1,
 "modelname": "CELLS_v1.fmu",
 "days": 151,
 "hours": 24,
 "minutes": 60,
 "seconds": 60,
 "ep_timestep": 6,
 "final_reward": 72000.96291848664,
 "final_cumulative_heating": 3551460213.286346
}