{
 "is_test": false,
 "memory_size": 1000,
 "batch_size": 128,
 "discount": 0.99,
 "tau": 0.05,
 "policy_noise": 0.2,
 "noise_clip": 0.5,
 "lr": 0.001,
 "num_training_iterations": 1000,
 "num_random_episodes": 1,
 "seed": 778,
 "param_list": [
  "Tair",
  "RH",
  "Tmrt",
  "Tout",
  "Qheat",
  "Occ"
 ],
 "observation_dim": 6,
 "action_dim": 1,
 "min_temp": 16,
 "max_temp": 21,
 "alpha": 0.5,
 "beta": 1,
 "modelname": "CELLS_v1.fmu",
 "days": 151,
 "hours": 24,
 "minutes": 60,
 "seconds": 60,
 "ep_timestep": 6,
 "num_episodes": 2,
 "num_iterations": 21744,
 "final_reward": 43540.895979207744,
 "final_cumulative_heating": 1711214883.4633226,
 "pmvs": {
  "[-inf,-2]": 0.19488134657836645,
  "[-2.0,-1.5]": 0.231535136129507,
  "[-1.5,-1.0]": 0.20297553348050038,
  "[-1.0,-0.5]": 0.16652869757174393,
  "[-0.5,0.0]": 0.1287711552612215,
  "[0.0,0.5]": 0.05217531272994849,
  "[0.5,1.0]": 0.021638153053715966,
  "[1.0,inf]": 0.0014946651949963208
 }
}