{
 "is_test": false,
 "memory_size": 1000,
 "batch_size": 32,
 "target_update": 100,
 "actor_update": 10,
 "epsilon_decay": 5e-05,
 "max_epsilon": 1,
 "min_epsilon": 0.0,
 "lr": 0.001,
 "gamma": 0.99,
 "inside_dim": 128,
 "num_hidden_layers": 1,
 "seed": 776,
 "param_list": [
  "Tair",
  "RH",
  "Tmrt",
  "Tout",
  "Qheat",
  "Occ"
 ],
 "observation_dim": 6,
 "action_dim": 1,
 "min_temp": 16,
 "max_temp": 21,
 "alpha": 1,
 "beta": 1,
 "modelname": "CELLS_v1.fmu",
 "days": 151,
 "hours": 24,
 "minutes": 60,
 "seconds": 60,
 "ep_timestep": 6,
 "discrete_action_dim": 100,
 "num_episodes": 1,
 "num_iterations": 21744,
 "final_reward": 23638.385765803374,
 "final_cumulative_heating": 1102721122.4331324,
 "pmvs": {
  "[-inf,-2]": 0.15135209713024284,
  "[-2.0,-1.5]": 0.18975349521707138,
  "[-1.5,-1.0]": 0.22378587196467992,
  "[-1.0,-0.5]": 0.22314201618837382,
  "[-0.5,0.0]": 0.13507174392935983,
  "[0.0,0.5]": 0.05353200883002208,
  "[0.5,1.0]": 0.021845106696100073,
  "[1.0,inf]": 0.0015176600441501103
 }
}