{
 "memory_size": 1000,
 "batch_size": 32,
 "target_update": 100,
 "epsilon_decay": 5e-05,
 "max_epsilon": 1,
 "min_epsilon": 0.0,
 "gamma": 0.99,
 "inside_dim": 128,
 "num_hidden_layers": 6,
 "seed": 778,
 "num_episodes": 6,
 "num_iterations": 21744,
 "pmvs": {
  "[-inf,-2]": 0.11676784400294334,
  "[-2.0,-1.5]": 0.18465630365464802,
  "[-1.5,-1.0]": 0.18850410841304882,
  "[-1.0,-0.5]": 0.29857278636252144,
  "[-0.5,0.0]": 0.1343665685553103,
  "[0.0,0.5]": 0.05378495217071376,
  "[0.5,1.0]": 0.021829776796664212,
  "[1.0,inf]": 0.0015176600441501103
 },
 "observation_dim": 6,
 "action_dim": 1,
 "min_temp": 16,
 "max_temp": 21,
 "alpha": 1,
 "beta": 1,
 "modelname": "CELLS_v1.fmu",
 "days": 151,
 "hours": 24,
 "minutes": 60,
 "seconds": 60,
 "ep_timestep": 6,
 "final_reward": 145215.49971531483,
 "final_cumulative_heating": 7418733890.973664,
 "is_test": false,
 "discrete_action_dim": 100
}