{
 "memory_size": 1000,
 "batch_size": 32,
 "target_update": 100,
 "epsilon_decay": 5e-05,
 "max_epsilon": 1,
 "min_epsilon": 0.0,
 "gamma": 0.99,
 "inside_dim": 128,
 "num_hidden_layers": 6,
 "seed": 778,
 "num_episodes": 3,
 "num_iterations": 21744,
 "pmvs": {
  "[-inf,-2]": 0.12860252636742703,
  "[-2.0,-1.5]": 0.1892169487368163,
  "[-1.5,-1.0]": 0.19858351729212656,
  "[-1.0,-0.5]": 0.2768426539121903,
  "[-0.5,0.0]": 0.13022749570762815,
  "[0.0,0.5]": 0.05324074074074074,
  "[0.5,1.0]": 0.021768457198920774,
  "[1.0,inf]": 0.0015176600441501103
 },
 "observation_dim": 6,
 "action_dim": 100,
 "min_temp": 16,
 "max_temp": 21,
 "alpha": 1,
 "beta": 1000000,
 "modelname": "CELLS_v1.fmu",
 "days": 151,
 "hours": 24,
 "minutes": 60,
 "seconds": 60,
 "ep_timestep": 6,
 "final_reward": 60812007499.97851,
 "final_cumulative_heating": 3536002913.243531,
 "is_test": false
}