{
 "memory_size": 1000,
 "batch_size": 32,
 "target_update": 100,
 "epsilon_decay": 5e-05,
 "max_epsilon": 1,
 "min_epsilon": 0.0,
 "gamma": 0.99,
 "inside_dim": 128,
 "num_hidden_layers": 1,
 "seed": 778,
 "num_episodes": 1,
 "num_iterations": 21744,
 "pmvs": {
  "[-inf,-2]": 0.15378955114054452,
  "[-2.0,-1.5]": 0.1923749080206034,
  "[-1.5,-1.0]": 0.2244757174392936,
  "[-1.0,-0.5]": 0.22286607799852834,
  "[-0.5,0.0]": 0.13015084621044887,
  "[0.0,0.5]": 0.053118101545253864,
  "[0.5,1.0]": 0.021707137601177335,
  "[1.0,inf]": 0.0015176600441501103
 },
 "observation_dim": 6,
 "action_dim": 100,
 "min_temp": 16,
 "max_temp": 21,
 "alpha": 1,
 "beta": 1,
 "modelname": "CELLS_v1.fmu",
 "days": 151,
 "hours": 24,
 "minutes": 60,
 "seconds": 60,
 "ep_timestep": 6,
 "final_reward": 23592.988855776817,
 "final_cumulative_heating": 1087527770.3908052,
 "is_test": false
}