{
 "memory_size": 1000,
 "batch_size": 32,
 "target_update": 100,
 "epsilon_decay": 5e-05,
 "max_epsilon": 1,
 "min_epsilon": 0.0,
 "gamma": 0.99,
 "inside_dim": 128,
 "num_hidden_layers": 2,
 "seed": 778,
 "num_episodes": 3,
 "num_iterations": 21744,
 "pmvs": {
  "[-inf,-2]": 0.13143855776306107,
  "[-2.0,-1.5]": 0.18930892813343145,
  "[-1.5,-1.0]": 0.2043168996811381,
  "[-1.0,-0.5]": 0.2756009320578857,
  "[-0.5,0.0]": 0.12355898945302919,
  "[0.0,0.5]": 0.052658204562178075,
  "[0.5,1.0]": 0.02163048810399804,
  "[1.0,inf]": 0.001487000245278391
 },
 "observation_dim": 6,
 "action_dim": 100,
 "min_temp": 16,
 "max_temp": 21,
 "alpha": 1,
 "beta": 1,
 "modelname": "CELLS_v1.fmu",
 "days": 151,
 "hours": 24,
 "minutes": 60,
 "seconds": 60,
 "ep_timestep": 6,
 "final_reward": 71916.19758456676,
 "final_cumulative_heating": 3499340037.9397783
}