{
 "param_list": [
  "Tair",
  "RH",
  "Tmrt",
  "Tout",
  "Qheat",
  "Occ"
 ],
 "observation_dim": 6,
 "action_dim": 1,
 "min_temp": 16,
 "max_temp": 21,
 "alpha": 0.5,
 "beta": 1,
 "modelname": "CELLS_v1.fmu",
 "days": 151,
 "hours": 24,
 "minutes": 60,
 "seconds": 60,
 "ep_timestep": 6,
 "num_episodes": 1,
 "num_iterations": 21744,
 "final_reward": 22264.126026431913,
 "final_cumulative_heating": 1316364427.990571,
 "pmvs": {
  "[-inf,-2]": 0.10264900662251655,
  "[-2.0,-1.5]": 0.17940581309786607,
  "[-1.5,-1.0]": 0.18294701986754966,
  "[-1.0,-0.5]": 0.3107983811626196,
  "[-0.5,0.0]": 0.1456953642384106,
  "[0.0,0.5]": 0.05477373068432671,
  "[0.5,1.0]": 0.022167034584253127,
  "[1.0,inf]": 0.0015636497424576896
 }
}