{
 "memory_size": 1000,
 "batch_size": 32,
 "target_update": 100,
 "epsilon_decay": 5e-05,
 "max_epsilon": 1,
 "min_epsilon": 0.0,
 "gamma": 0.99,
 "inside_dim": 256,
 "num_hidden_layers": 4,
 "num_episodes": 1,
 "num_iterations": 21744,
 "pmvs": {
  "[-inf,-2]": 0.1524558498896247,
  "[-2.0,-1.5]": 0.19228292862398821,
  "[-1.5,-1.0]": 0.22364790286975716,
  "[-1.0,-0.5]": 0.2196467991169978,
  "[-0.5,0.0]": 0.13520971302428256,
  "[0.0,0.5]": 0.05339403973509934,
  "[0.5,1.0]": 0.021845106696100073,
  "[1.0,inf]": 0.0015176600441501103
 },
 "observation_dim": 6,
 "action_dim": 100,
 "min_temp": 16,
 "max_temp": 21,
 "alpha": 1,
 "beta": 1,
 "modelname": "CELLS_v1.fmu",
 "days": 151,
 "hours": 24,
 "minutes": 60,
 "seconds": 60,
 "ep_timestep": 6,
 "final_reward": 23580.97608385262
}