{
 "is_test": false,
 "memory_size": 1000,
 "batch_size": 32,
 "target_update": 100,
 "epsilon_decay": 5e-05,
 "max_epsilon": 1,
 "min_epsilon": 0.0,
 "gamma": 0.99,
 "inside_dim": 128,
 "num_hidden_layers": 1,
 "seed": 776,
 "param_list": [
  "Tair",
  "RH",
  "Tmrt",
  "Tout",
  "Qheat",
  "Occ"
 ],
 "observation_dim": 6,
 "action_dim": 1,
 "min_temp": 16,
 "max_temp": 21,
 "alpha": 1,
 "beta": 1,
 "modelname": "CELLS_v1.fmu",
 "days": 151,
 "hours": 24,
 "minutes": 60,
 "seconds": 60,
 "ep_timestep": 6,
 "discrete_action_dim": 100,
 "num_episodes": 2,
 "num_iterations": 21744,
 "final_reward": 48217.076377301826,
 "final_cumulative_heating": 2425182588.053751,
 "pmvs": {
  "[-inf,-2]": 0.12090691685062546,
  "[-2.0,-1.5]": 0.19071927888153054,
  "[-1.5,-1.0]": 0.18848877851361295,
  "[-1.0,-0.5]": 0.2948859455481972,
  "[-0.5,0.0]": 0.1291620676968359,
  "[0.0,0.5]": 0.05263520971302428,
  "[0.5,1.0]": 0.021707137601177335,
  "[1.0,inf]": 0.0014946651949963208
 }
}