{
 "memory_size": 1000,
 "batch_size": 32,
 "target_update": 100,
 "epsilon_decay": 0.0005,
 "max_epsilon": 1,
 "min_epsilon": 0.0,
 "gamma": 0.99,
 "num_episodes": 1,
 "pmvs": {
  "[-inf,-2]": 0.8766666666666667,
  "[-2.0,-1.5]": 0.12333333333333334,
  "[-1.5,-1.0]": 0.0,
  "[-1.0,-0.5]": 0.0,
  "[-0.5,0.0]": 0.0,
  "[0.0,0.5]": 0.0,
  "[0.5,1.0]": 0.0,
  "[1.0,inf]": 0.0
 },
 "observation_dim": 6,
 "action_dim": 400,
 "min_temp": 16,
 "max_temp": 21,
 "alpha": 1,
 "beta": 10,
 "modelname": "CELLS_v1.fmu",
 "days": 151,
 "hours": 24,
 "minutes": 60,
 "seconds": 60,
 "ep_timestep": 6,
 "final_reward": 2575.20577700059
}