{
 "is_test": false,
 "memory_size": 1000,
 "batch_size": 32,
 "target_update": 100,
 "actor_update": 10,
 "epsilon_decay": 5e-05,
 "max_epsilon": 1.0,
 "min_epsilon": 0.0,
 "lr": 0.001,
 "gamma": 0.99,
 "inside_dim": 128,
 "num_hidden_layers": 1,
 "seed": 778,
 "param_list": [
  "Tair",
  "RH",
  "Tmrt",
  "Tout",
  "Qheat",
  "Occ"
 ],
 "observation_dim": 6,
 "action_dim": 1,
 "min_temp": 16,
 "max_temp": 21,
 "alpha": 1,
 "beta": 1,
 "modelname": "CELLS_v1.fmu",
 "days": 151,
 "hours": 24,
 "minutes": 60,
 "seconds": 60,
 "ep_timestep": 6,
 "discrete_action_dim": 200,
 "num_episodes": 1,
 "num_iterations": 21744,
 "final_reward": 23590.211689566466,
 "final_cumulative_heating": 1079862169.7250495,
 "pmvs": {
  "[-inf,-2]": 0.15526122148638705,
  "[-2.0,-1.5]": 0.19274282560706402,
  "[-1.5,-1.0]": 0.22259013980868286,
  "[-1.0,-0.5]": 0.21596762325239147,
  "[-0.5,0.0]": 0.1364974245768948,
  "[0.0,0.5]": 0.053486019131714496,
  "[0.5,1.0]": 0.021937086092715233,
  "[1.0,inf]": 0.0015176600441501103
 }
}