{
 "memory_size": 1000,
 "batch_size": 32,
 "target_update": 100,
 "epsilon_decay": 5e-05,
 "max_epsilon": 1,
 "min_epsilon": 0.0,
 "gamma": 0.99,
 "inside_dim": 512,
 "num_hidden_layers": 4,
 "num_episodes": 4,
 "num_iterations": 21744,
 "pmvs": {
  "[-inf,-2]": 0.1287596578366446,
  "[-2.0,-1.5]": 0.18938557763061073,
  "[-1.5,-1.0]": 0.2026995952906549,
  "[-1.0,-0.5]": 0.273926140544518,
  "[-0.5,0.0]": 0.1291275754231052,
  "[0.0,0.5]": 0.05288815305371597,
  "[0.5,1.0]": 0.021707137601177335,
  "[1.0,inf]": 0.0015061626195732156
 },
 "observation_dim": 6,
 "action_dim": 100,
 "min_temp": 16,
 "max_temp": 21,
 "alpha": 1,
 "beta": 1,
 "modelname": "CELLS_v1.fmu",
 "days": 151,
 "hours": 24,
 "minutes": 60,
 "seconds": 60,
 "ep_timestep": 6,
 "final_reward": 95981.0882092666
}