{
 "is_test": false,
 "memory_size": 1000,
 "batch_size": 32,
 "target_update": 100,
 "epsilon_decay": 5e-05,
 "max_epsilon": 1,
 "min_epsilon": 0.0,
 "gamma": 0.99,
 "inside_dim": 128,
 "num_hidden_layers": 1,
 "seed": 775,
 "num_episodes": 2,
 "num_iterations": 21744,
 "pmvs": {
  "[-inf,-2]": 0.13493377483443708,
  "[-2.0,-1.5]": 0.19159308314937454,
  "[-1.5,-1.0]": 0.2086322663723326,
  "[-1.0,-0.5]": 0.2649466519499632,
  "[-0.5,0.0]": 0.12431015452538631,
  "[0.0,0.5]": 0.0523822663723326,
  "[0.5,1.0]": 0.021707137601177335,
  "[1.0,inf]": 0.0014946651949963208
 },
 "param_list": [
  "Tair",
  "RH",
  "Tmrt",
  "Tout",
  "Qheat",
  "Occ"
 ],
 "observation_dim": 6,
 "action_dim": 1,
 "min_temp": 16,
 "max_temp": 21,
 "alpha": 1,
 "beta": 1,
 "modelname": "CELLS_v1.fmu",
 "days": 151,
 "hours": 24,
 "minutes": 60,
 "seconds": 60,
 "ep_timestep": 6,
 "final_reward": 47775.19911288215,
 "final_cumulative_heating": 2301891956.649653,
 "discrete_action_dim": 100
}