{
 "memory_size": 1000,
 "batch_size": 32,
 "target_update": 100,
 "epsilon_decay": 5e-05,
 "max_epsilon": 1,
 "min_epsilon": 0.0,
 "gamma": 0.99,
 "inside_dim": 256,
 "num_hidden_layers": 1,
 "seed": 778,
 "num_episodes": 2,
 "num_iterations": 21744,
 "pmvs": {
  "[-inf,-2]": 0.1360605224429728,
  "[-2.0,-1.5]": 0.19244389256806477,
  "[-1.5,-1.0]": 0.2075745033112583,
  "[-1.0,-0.5]": 0.26267016188373804,
  "[-0.5,0.0]": 0.12527593818984548,
  "[0.0,0.5]": 0.05277317880794702,
  "[0.5,1.0]": 0.021707137601177335,
  "[1.0,inf]": 0.0014946651949963208
 },
 "observation_dim": 6,
 "action_dim": 1,
 "min_temp": 16,
 "max_temp": 21,
 "alpha": 1,
 "beta": 1,
 "modelname": "CELLS_v1.fmu",
 "days": 151,
 "hours": 24,
 "minutes": 60,
 "seconds": 60,
 "ep_timestep": 6,
 "final_reward": 47730.986185146845,
 "final_cumulative_heating": 2293641087.120967,
 "is_test": false,
 "discrete_action_dim": 100
}