{
 "is_test": false,
 "memory_size": 1000,
 "batch_size": 32,
 "target_update": 100,
 "actor_update": 2,
 "epsilon_decay": 5e-05,
 "max_epsilon": 1,
 "min_epsilon": 0.0,
 "lr": 0.001,
 "gamma": 0.99,
 "inside_dim": 128,
 "num_hidden_layers": 1,
 "seed": 778,
 "param_list": [
  "Tair",
  "RH",
  "Tmrt",
  "Tout",
  "Qheat",
  "Occ"
 ],
 "observation_dim": 6,
 "action_dim": 1,
 "min_temp": 16,
 "max_temp": 21,
 "alpha": 1,
 "beta": 1,
 "modelname": "CELLS_v1.fmu",
 "days": 151,
 "hours": 24,
 "minutes": 60,
 "seconds": 60,
 "ep_timestep": 6,
 "discrete_action_dim": 100,
 "num_episodes": 2,
 "num_iterations": 21744,
 "final_reward": 47822.3743426087,
 "final_cumulative_heating": 2327766867.0310035,
 "pmvs": {
  "[-inf,-2]": 0.1331631714495953,
  "[-2.0,-1.5]": 0.18938557763061073,
  "[-1.5,-1.0]": 0.20559694628403238,
  "[-1.0,-0.5]": 0.26706217807211186,
  "[-0.5,0.0]": 0.12838024282560706,
  "[0.0,0.5]": 0.05307211184694628,
  "[0.5,1.0]": 0.021822111846946286,
  "[1.0,inf]": 0.0015176600441501103
 }
}