{
 "is_test": false,
 "memory_size": 1000,
 "batch_size": 128,
 "discount": 0.99,
 "tau": 0.05,
 "policy_noise": 0.2,
 "noise_clip": 0.5,
 "lr": 0.001,
 "num_training_iterations": 1000,
 "num_random_episodes": 1,
 "seed": 778,
 "param_list": [
  "Tair",
  "RH",
  "Tmrt",
  "Tout",
  "Qheat",
  "Occ"
 ],
 "observation_dim": 6,
 "action_dim": 1,
 "min_temp": 16,
 "max_temp": 21,
 "alpha": 0.5,
 "beta": 1,
 "modelname": "CELLS_v1.fmu",
 "days": 151,
 "hours": 24,
 "minutes": 60,
 "seconds": 60,
 "ep_timestep": 6,
 "num_episodes": 2,
 "num_iterations": 21744,
 "final_reward": 43542.91941460739,
 "final_cumulative_heating": 1711167636.2321951,
 "pmvs": {
  "[-inf,-2]": 0.1951802796173657,
  "[-2.0,-1.5]": 0.2310752391464312,
  "[-1.5,-1.0]": 0.2028835540838852,
  "[-1.0,-0.5]": 0.1665746872700515,
  "[-0.5,0.0]": 0.1289551140544518,
  "[0.0,0.5]": 0.05217531272994849,
  "[0.5,1.0]": 0.021661147902869757,
  "[1.0,inf]": 0.0014946651949963208
 }
}