{
 "is_test": false,
 "memory_size": 1000,
 "batch_size": 32,
 "target_update": 100,
 "actor_update": 10,
 "epsilon_decay": 5e-05,
 "max_epsilon": 1,
 "min_epsilon": 0.0,
 "lr": 0.001,
 "gamma": 0.99,
 "inside_dim": 128,
 "num_hidden_layers": 1,
 "seed": 775,
 "param_list": [
  "Tair",
  "RH",
  "Tmrt",
  "Tout",
  "Qheat",
  "Occ"
 ],
 "observation_dim": 6,
 "action_dim": 1,
 "min_temp": 16,
 "max_temp": 21,
 "alpha": 1,
 "beta": 1,
 "modelname": "CELLS_v1.fmu",
 "days": 151,
 "hours": 24,
 "minutes": 60,
 "seconds": 60,
 "ep_timestep": 6,
 "discrete_action_dim": 100,
 "num_episodes": 1,
 "num_iterations": 21744,
 "final_reward": 23609.666821732822,
 "final_cumulative_heating": 1089173979.9926863,
 "pmvs": {
  "[-inf,-2]": 0.15443340691685062,
  "[-2.0,-1.5]": 0.19048933038999263,
  "[-1.5,-1.0]": 0.22350993377483444,
  "[-1.0,-0.5]": 0.22148638704930096,
  "[-0.5,0.0]": 0.1333701250919794,
  "[0.0,0.5]": 0.05339403973509934,
  "[0.5,1.0]": 0.021799116997792495,
  "[1.0,inf]": 0.0015176600441501103
 }
}