{
 "is_test": false,
 "batch_size": 128,
 "discount": 0.99,
 "tau": 0.05,
 "policy_noise": 0.2,
 "noise_clip": 0.5,
 "lr": 0.001,
 "num_training_iterations": 1000,
 "num_random_episodes": 1,
 "seed": 778,
 "param_list": [
  "Tair",
  "RH",
  "Tmrt",
  "Tout",
  "Qheat",
  "Occ"
 ],
 "observation_dim": 6,
 "action_dim": 1,
 "min_temp": 16,
 "max_temp": 21,
 "alpha": 1,
 "beta": 1,
 "modelname": "CELLS_v1.fmu",
 "days": 151,
 "hours": 24,
 "minutes": 60,
 "seconds": 60,
 "ep_timestep": 6,
 "num_episodes": 2,
 "num_iterations": 21744,
 "final_reward": 44613.81756355821,
 "final_cumulative_heating": 1410587934.71119,
 "pmvs": {
  "[-inf,-2]": 0.24137693156732892,
  "[-2.0,-1.5]": 0.27071835908756436,
  "[-1.5,-1.0]": 0.16933406916850627,
  "[-1.0,-0.5]": 0.13173749080206035,
  "[-0.5,0.0]": 0.11437637969094923,
  "[0.0,0.5]": 0.04989882266372333,
  "[0.5,1.0]": 0.021109271523178808,
  "[1.0,inf]": 0.0014486754966887417
 }
}