{
 "is_test": false,
 "batch_size": 128,
 "discount": 0.99,
 "tau": 0.05,
 "policy_noise": 0.2,
 "noise_clip": 0.5,
 "num_training_iterations": 100,
 "num_random_episodes": 1,
 "seed": 778,
 "param_list": [
  "Tair",
  "RH",
  "Tmrt",
  "Tout",
  "Qheat",
  "Occ"
 ],
 "observation_dim": 6,
 "action_dim": 1,
 "min_temp": 16,
 "max_temp": 21,
 "alpha": 1,
 "beta": 1,
 "modelname": "CELLS_v1.fmu",
 "days": 151,
 "hours": 24,
 "minutes": 60,
 "seconds": 60,
 "ep_timestep": 6,
 "num_episodes": 3,
 "num_iterations": 21744,
 "final_reward": 23094.379826923214,
 "final_cumulative_heating": 952204639.4275839,
 "pmvs": {
  "[-inf,-2]": 0.17917586460632817,
  "[-2.0,-1.5]": 0.21224245768947755,
  "[-1.5,-1.0]": 0.25450699043414277,
  "[-1.0,-0.5]": 0.1588484179543782,
  "[-0.5,0.0]": 0.12067696835908756,
  "[0.0,0.5]": 0.05160044150110375,
  "[0.5,1.0]": 0.02147718910963944,
  "[1.0,inf]": 0.0014716703458425313
 }
}