{
 "is_test": false,
 "memory_size": 1000,
 "batch_size": 32,
 "target_update": 100,
 "actor_update": 10,
 "epsilon_decay": 5e-05,
 "max_epsilon": 1,
 "min_epsilon": 0.0,
 "lr": 0.001,
 "gamma": 0.99,
 "inside_dim": 128,
 "num_hidden_layers": 1,
 "seed": 775,
 "param_list": [
  "Tair",
  "RH",
  "Tmrt",
  "Tout",
  "Qheat",
  "Occ"
 ],
 "observation_dim": 6,
 "action_dim": 1,
 "min_temp": 16,
 "max_temp": 21,
 "alpha": 1,
 "beta": 1,
 "modelname": "CELLS_v1.fmu",
 "days": 151,
 "hours": 24,
 "minutes": 60,
 "seconds": 60,
 "ep_timestep": 6,
 "discrete_action_dim": 100,
 "num_episodes": 2,
 "num_iterations": 21744,
 "final_reward": 47792.424403221085,
 "final_cumulative_heating": 2315531001.102042,
 "pmvs": {
  "[-inf,-2]": 0.13474981604120678,
  "[-2.0,-1.5]": 0.18938557763061073,
  "[-1.5,-1.0]": 0.2070916114790287,
  "[-1.0,-0.5]": 0.26338300220750555,
  "[-0.5,0.0]": 0.12886313465783664,
  "[0.0,0.5]": 0.05327906548933039,
  "[0.5,1.0]": 0.021730132450331126,
  "[1.0,inf]": 0.0015176600441501103
 }
}