{
 "memory_size": 1000,
 "batch_size": 32,
 "target_update": 100,
 "epsilon_decay": 5e-05,
 "max_epsilon": 1,
 "min_epsilon": 0.0,
 "gamma": 0.99,
 "inside_dim": 512,
 "num_hidden_layers": 6,
 "seed": 778,
 "num_episodes": 3,
 "num_iterations": 21744,
 "pmvs": {
  "[-inf,-2]": 0.13143855776306107,
  "[-2.0,-1.5]": 0.18739269070394898,
  "[-1.5,-1.0]": 0.20437821927888153,
  "[-1.0,-0.5]": 0.2684878587196468,
  "[-0.5,0.0]": 0.13183713514839343,
  "[0.0,0.5]": 0.05319475104243316,
  "[0.5,1.0]": 0.021768457198920774,
  "[1.0,inf]": 0.0015023301447142506
 },
 "observation_dim": 6,
 "action_dim": 100,
 "min_temp": 16,
 "max_temp": 21,
 "alpha": 1,
 "beta": 1,
 "modelname": "CELLS_v1.fmu",
 "days": 151,
 "hours": 24,
 "minutes": 60,
 "seconds": 60,
 "ep_timestep": 6,
 "final_reward": 71885.1996683181,
 "final_cumulative_heating": 3528880558.237685,
 "is_test": false
}