{
 "memory_size": 1000,
 "batch_size": 32,
 "target_update": 100,
 "epsilon_decay": 5e-05,
 "max_epsilon": 1,
 "min_epsilon": 0.0,
 "gamma": 0.99,
 "inside_dim": 128,
 "num_hidden_layers": 6,
 "seed": 778,
 "num_episodes": 3,
 "num_iterations": 21744,
 "pmvs": {
  "[-inf,-2]": 0.1238195977434388,
  "[-2.0,-1.5]": 0.18518518518518517,
  "[-1.5,-1.0]": 0.19553286730439048,
  "[-1.0,-0.5]": 0.2798626441010547,
  "[-0.5,0.0]": 0.13810706401766004,
  "[0.0,0.5]": 0.05408388520971302,
  "[0.5,1.0]": 0.02189109639440765,
  "[1.0,inf]": 0.0015176600441501103
 },
 "observation_dim": 6,
 "action_dim": 100,
 "min_temp": 16,
 "max_temp": 21,
 "alpha": 1,
 "beta": 1,
 "modelname": "CELLS_v1.fmu",
 "days": 151,
 "hours": 24,
 "minutes": 60,
 "seconds": 60,
 "ep_timestep": 6,
 "final_reward": 72248.99796257992,
 "final_cumulative_heating": 3635832056.3187656,
 "is_test": false
}