{
 "is_test": false,
 "memory_size": 1000,
 "batch_size": 32,
 "target_update": 100,
 "epsilon_decay": 5e-05,
 "max_epsilon": 1,
 "min_epsilon": 0.0,
 "lr": 0.001,
 "gamma": 0.99,
 "inside_dim": 128,
 "num_hidden_layers": 1,
 "seed": 778,
 "param_list": [
  "Tair",
  "RH",
  "Tmrt",
  "Tout",
  "Qheat",
  "Occ"
 ],
 "observation_dim": 6,
 "action_dim": 1,
 "min_temp": 16,
 "max_temp": 21,
 "alpha": 1,
 "beta": 1,
 "modelname": "CELLS_v1.fmu",
 "days": 151,
 "hours": 24,
 "minutes": 60,
 "seconds": 60,
 "ep_timestep": 6,
 "discrete_action_dim": 100,
 "num_episodes": 2,
 "num_iterations": 21744,
 "final_reward": 47726.127011489676,
 "final_cumulative_heating": 2288645946.6051984,
 "pmvs": {
  "[-inf,-2]": 0.1364054451802796,
  "[-2.0,-1.5]": 0.19373160412067697,
  "[-1.5,-1.0]": 0.20584988962472406,
  "[-1.0,-0.5]": 0.26788999264164826,
  "[-0.5,0.0]": 0.12109087564385577,
  "[0.0,0.5]": 0.0519453642384106,
  "[0.5,1.0]": 0.02161515820456218,
  "[1.0,inf]": 0.0014716703458425313
 }
}