{
 "is_test": false,
 "memory_size": 1000,
 "batch_size": 32,
 "target_update": 100,
 "epsilon_decay": 5e-05,
 "max_epsilon": 1,
 "min_epsilon": 0.0,
 "gamma": 0.99,
 "inside_dim": 128,
 "num_hidden_layers": 1,
 "seed": 776,
 "num_episodes": 2,
 "num_iterations": 21744,
 "pmvs": {
  "[-inf,-2]": 0.1331401766004415,
  "[-2.0,-1.5]": 0.18950055187637968,
  "[-1.5,-1.0]": 0.20373436350257543,
  "[-1.0,-0.5]": 0.26966059602649006,
  "[-0.5,0.0]": 0.12778237674760853,
  "[0.0,0.5]": 0.05295713760117734,
  "[0.5,1.0]": 0.021730132450331126,
  "[1.0,inf]": 0.0014946651949963208
 },
 "param_list": [
  "Tair",
  "RH",
  "Tmrt",
  "Tout",
  "Qheat",
  "Occ"
 ],
 "observation_dim": 6,
 "action_dim": 1,
 "min_temp": 16,
 "max_temp": 21,
 "alpha": 1,
 "beta": 1,
 "modelname": "CELLS_v1.fmu",
 "days": 151,
 "hours": 24,
 "minutes": 60,
 "seconds": 60,
 "ep_timestep": 6,
 "final_reward": 47876.413614172976,
 "final_cumulative_heating": 2324769845.5191154,
 "discrete_action_dim": 100
}