{
 "memory_size": 1000,
 "batch_size": 32,
 "target_update": 100,
 "epsilon_decay": 5e-05,
 "max_epsilon": 1,
 "min_epsilon": 0.0,
 "gamma": 0.99,
 "inside_dim": 64,
 "num_hidden_layers": 6,
 "seed": 778,
 "num_episodes": 3,
 "num_iterations": 21744,
 "pmvs": {
  "[-inf,-2]": 0.1275447633063527,
  "[-2.0,-1.5]": 0.18855776306107433,
  "[-1.5,-1.0]": 0.19758707382879567,
  "[-1.0,-0.5]": 0.2780690458670591,
  "[-0.5,0.0]": 0.1314998773608045,
  "[0.0,0.5]": 0.0534093696345352,
  "[0.5,1.0]": 0.021814446897228355,
  "[1.0,inf]": 0.0015176600441501103
 },
 "observation_dim": 6,
 "action_dim": 1,
 "min_temp": 16,
 "max_temp": 21,
 "alpha": 1,
 "beta": 1,
 "modelname": "CELLS_v1.fmu",
 "days": 151,
 "hours": 24,
 "minutes": 60,
 "seconds": 60,
 "ep_timestep": 6,
 "final_reward": 72046.07607537539,
 "final_cumulative_heating": 3563342090.044066,
 "is_test": false,
 "discrete_action_dim": 100
}