{
 "is_test": false,
 "batch_size": 128,
 "discount": 0.99,
 "tau": 0.05,
 "policy_noise": 0.2,
 "noise_clip": 0.5,
 "num_training_iterations": 100,
 "num_random_episodes": 1,
 "seed": 778,
 "param_list": [
  "Tair",
  "RH",
  "Tmrt",
  "Tout",
  "Qheat",
  "Occ"
 ],
 "observation_dim": 6,
 "action_dim": 1,
 "min_temp": 16,
 "max_temp": 21,
 "alpha": 1,
 "beta": 1,
 "modelname": "CELLS_v1.fmu",
 "days": 151,
 "hours": 24,
 "minutes": 60,
 "seconds": 60,
 "ep_timestep": 6,
 "num_episodes": 3,
 "num_iterations": 21744,
 "final_reward": 66133.25530019338,
 "final_cumulative_heating": 1868971229.9947999,
 "pmvs": {
  "[-inf,-2]": 0.26211062055432915,
  "[-2.0,-1.5]": 0.29021032622026,
  "[-1.5,-1.0]": 0.14094309541329408,
  "[-1.0,-0.5]": 0.12270051508462104,
  "[-0.5,0.0]": 0.11227618346823645,
  "[0.0,0.5]": 0.049331616384596516,
  "[0.5,1.0]": 0.02098663232769193,
  "[1.0,inf]": 0.001441010546970812
 }
}