{
 "memory_size": 1000,
 "batch_size": 32,
 "target_update": 100,
 "epsilon_decay": 5e-05,
 "max_epsilon": 1,
 "min_epsilon": 0.0,
 "gamma": 0.99,
 "inside_dim": 128,
 "num_hidden_layers": 6,
 "seed": 778,
 "num_episodes": 6,
 "num_iterations": 21744,
 "pmvs": {
  "[-inf,-2]": 0.11952722590139808,
  "[-2.0,-1.5]": 0.19154709345106696,
  "[-1.5,-1.0]": 0.18809786607799853,
  "[-1.0,-0.5]": 0.29608167770419425,
  "[-0.5,0.0]": 0.1282652685798381,
  "[0.0,0.5]": 0.053164091243561445,
  "[0.5,1.0]": 0.021799116997792495,
  "[1.0,inf]": 0.0015176600441501103
 },
 "observation_dim": 6,
 "action_dim": 100,
 "min_temp": 16,
 "max_temp": 21,
 "alpha": 1,
 "beta": 1000000,
 "modelname": "CELLS_v1.fmu",
 "days": 151,
 "hours": 24,
 "minutes": 60,
 "seconds": 60,
 "ep_timestep": 6,
 "final_reward": 20236254245.19869,
 "final_cumulative_heating": 1206199699.9913971,
 "is_test": false
}