{
 "memory_size": 1000,
 "batch_size": 32,
 "target_update": 100,
 "epsilon_decay": 5e-05,
 "max_epsilon": 1,
 "min_epsilon": 0.0,
 "gamma": 0.99,
 "inside_dim": 512,
 "num_hidden_layers": 1,
 "seed": 778,
 "num_episodes": 4,
 "num_iterations": 21744,
 "pmvs": {
  "[-inf,-2]": 0.1261152501839588,
  "[-2.0,-1.5]": 0.18993745401030168,
  "[-1.5,-1.0]": 0.19837656364974246,
  "[-1.0,-0.5]": 0.2877805371596762,
  "[-0.5,0.0]": 0.12209115158204562,
  "[0.0,0.5]": 0.05263520971302428,
  "[0.5,1.0]": 0.021580665930831494,
  "[1.0,inf]": 0.001483167770419426
 },
 "observation_dim": 6,
 "action_dim": 100,
 "min_temp": 16,
 "max_temp": 21,
 "alpha": 1,
 "beta": 1,
 "modelname": "CELLS_v1.fmu",
 "days": 151,
 "hours": 24,
 "minutes": 60,
 "seconds": 60,
 "ep_timestep": 6,
 "final_reward": 96160.28318112799,
 "final_cumulative_heating": 4747224921.898241
}