{
 "is_test": false,
 "memory_size": 1000,
 "batch_size": 64,
 "target_update": 100,
 "actor_update": 2,
 "epsilon_decay": 5e-05,
 "max_epsilon": 1,
 "min_epsilon": 0.0,
 "lr": 0.001,
 "gamma": 0.99,
 "inside_dim": 256,
 "num_hidden_layers": 8,
 "seed": 800,
 "param_list": [
  "Tair",
  "RH",
  "Tmrt",
  "Tout",
  "Qheat",
  "Occ"
 ],
 "observation_dim": 6,
 "action_dim": 1,
 "min_temp": 16,
 "max_temp": 21,
 "alpha": 1,
 "beta": 1,
 "modelname": "CELLS_v1.fmu",
 "days": 151,
 "hours": 24,
 "minutes": 60,
 "seconds": 60,
 "ep_timestep": 6,
 "discrete_action_dim": 100,
 "num_episodes": 5,
 "num_iterations": 21744,
 "final_reward": 120505.67198755601,
 "final_cumulative_heating": 5574649576.145428,
 "pmvs": {
  "[-inf,-2]": 0.11559050772626932,
  "[-2.0,-1.5]": 0.1845474613686534,
  "[-1.5,-1.0]": 0.19218175128771156,
  "[-1.0,-0.5]": 0.27724429727740985,
  "[-0.5,0.0]": 0.13049116997792495,
  "[0.0,0.5]": 0.06661147902869757,
  "[0.5,1.0]": 0.03065673289183223,
  "[1.0,inf]": 0.002676600441501104
 }
}