{
 "memory_size": 1000,
 "batch_size": 32,
 "target_update": 100,
 "epsilon_decay": 5e-05,
 "max_epsilon": 1,
 "min_epsilon": 0.0,
 "gamma": 0.99,
 "inside_dim": 256,
 "num_hidden_layers": 4,
 "num_episodes": 6,
 "num_iterations": 21744,
 "pmvs": {
  "[-inf,-2]": 0.13558529556046112,
  "[-2.0,-1.5]": 0.19282714005396123,
  "[-1.5,-1.0]": 0.21521645818003435,
  "[-1.0,-0.5]": 0.25494389256806477,
  "[-0.5,0.0]": 0.1257894898209468,
  "[0.0,0.5]": 0.05249724061810154,
  "[0.5,1.0]": 0.021645818003433896,
  "[1.0,inf]": 0.0014946651949963208
 },
 "observation_dim": 6,
 "action_dim": 100,
 "min_temp": 16,
 "max_temp": 21,
 "alpha": 1,
 "beta": 1,
 "modelname": "CELLS_v1.fmu",
 "days": 151,
 "hours": 24,
 "minutes": 60,
 "seconds": 60,
 "ep_timestep": 6,
 "final_reward": 143293.43914092597
}