{
 "memory_size": 1000,
 "batch_size": 32,
 "target_update": 100,
 "epsilon_decay": 5e-05,
 "max_epsilon": 1,
 "min_epsilon": 0.0,
 "gamma": 0.99,
 "inside_dim": 256,
 "num_hidden_layers": 4,
 "num_episodes": 1,
 "num_iterations": 3000,
 "pmvs": {
  "[-inf,-2]": 0.42333333333333334,
  "[-2.0,-1.5]": 0.2826666666666667,
  "[-1.5,-1.0]": 0.26866666666666666,
  "[-1.0,-0.5]": 0.025333333333333333,
  "[-0.5,0.0]": 0.0,
  "[0.0,0.5]": 0.0,
  "[0.5,1.0]": 0.0,
  "[1.0,inf]": 0.0
 },
 "observation_dim": 6,
 "action_dim": 100,
 "min_temp": 16,
 "max_temp": 21,
 "alpha": 1,
 "beta": 1,
 "modelname": "CELLS_v1.fmu",
 "days": 151,
 "hours": 24,
 "minutes": 60,
 "seconds": 60,
 "ep_timestep": 6,
 "final_reward": 2843.9078096839207
}