{
 "is_test": false,
 "memory_size": 2000,
 "batch_size": 128,
 "target_update": 100,
 "actor_update": 4,
 "epsilon_decay": 5e-05,
 "max_epsilon": 1,
 "min_epsilon": 0.0,
 "lr": 0.001,
 "gamma": 0.99,
 "inside_dim": 128,
 "num_hidden_layers": 12,
 "seed": 800,
 "param_list": [
  "Tair",
  "RH",
  "Tmrt",
  "Tout",
  "Qheat",
  "Occ"
 ],
 "observation_dim": 6,
 "action_dim": 1,
 "min_temp": 16,
 "max_temp": 21,
 "alpha": 1,
 "beta": 1,
 "modelname": "CELLS_v1.fmu",
 "days": 151,
 "hours": 24,
 "minutes": 60,
 "seconds": 60,
 "ep_timestep": 6,
 "discrete_action_dim": 100,
 "num_episodes": 10,
 "num_iterations": 21744,
 "final_reward": 226069.64175936385,
 "final_cumulative_heating": 7064153302.399482,
 "pmvs": {
  "[-inf,-2]": 0.20750551876379691,
  "[-2.0,-1.5]": 0.2633508094186902,
  "[-1.5,-1.0]": 0.15184878587196468,
  "[-1.0,-0.5]": 0.15206033848417955,
  "[-0.5,0.0]": 0.1273592715231788,
  "[0.0,0.5]": 0.06517200147167035,
  "[0.5,1.0]": 0.030026674025018397,
  "[1.0,inf]": 0.002676600441501104
 }
}